pokemon,usage,meets_threshold
Abomasnow,0.11,True
Abra,0.0,False
Absol,0.0,False
Accelgor,0.0,False
Aegislash Blade Form,0.0,False
Aegislash Shield Form,0.0,False
Aerodactyl,0.0,False
Aggron,0.0,False
Aipom,0.0,False
Alakazam,0.0,False
Alcremie,0.04,False
Alolan Diglett,0.0,False
Alolan Dugtrio,0.0,False
Alolan Exeggutor,0.0,False
Alolan Geodude,0.0,False
Alolan Golem,0.0,False
Alolan Graveler,0.0,False
Alolan Grimer,0.0,False
Alolan Marowak,0.0,False
Alolan Meowth,0.0,False
Alolan Muk,0.0,False
Alolan Ninetales,0.0,False
Alolan Persian,0.0,False
Alolan Raichu,0.0,False
Alolan Raticate,0.0,False
Alolan Rattata,0.0,False
Alolan Sandshrew,0.0,False
Alolan Sandslash,0.0,False
Alolan Vulpix,0.0,False
Alomomola,0.0,False
Altaria,0.07,True
Amaura,0.0,False
Ambipom,0.02,False
Amoonguss,13.56,True
Ampharos,0.0,False
Annihilape,25.02,True
Anorith,0.0,False
Appletun,0.0,False
Applin,0.0,False
Araquanid,0.35,True
Arbok,0.0,False
Arboliva,0.08,True
Arcanine,0.16,True
Arcanine-Hisui,5.39,True
Arceus,0.0,False
Archaludon,33.17,True
Archen,0.0,False
Archeops,0.0,False
Arctibax,0.0,False
Arctovish,0.0,False
Arctozolt,0.0,False
Ariados,0.0,False
Armaldo,0.0,False
Armarouge,2.49,True
Aromatisse,0.0,False
Aron,0.0,False
Arrokuda,0.0,False
Articuno,0.0,False
Ash Greninja,0.0,False
Audino,0.0,False
Aurorus,0.0,False
Avalugg,0.01,False
Avalugg-Hisui,0.01,False
Axew,0.0,False
Azelf,0.0,False
Azumarill,0.15,True
Azurill,0.0,False
Bagon,0.0,False
Baltoy,0.0,False
Banette,0.0,False
Barbaracle,0.0,False
Barboach,0.0,False
Barraskewda,0.1,True
Basculegion,15.49,True
Basculegion Felame,0.0,False
Basculegion Male,0.0,False
Basculegion-F,0.05,True
Basculin,0.02,False
Basculin Blue Stripe,0.0,False
Basculin Red Stripe,0.0,False
Bastiodon,0.01,False
Baxcalibur,1.86,True
Bayleef,0.0,False
Beartic,0.06,True
Beautifly,0.0,False
Beedrill,0.0,False
Beheeyem,0.0,False
Beldum,0.0,False
Bellibolt,0.14,True
Bellossom,0.01,False
Bellsprout,0.0,False
Bergmite,0.0,False
Bewear,0.0,False
Bibarel,0.0,False
Bidoof,0.0,False
Binacle,0.0,False
Bisharp,0.04,False
Blacephalon,0.0,False
Black Kyurem,0.0,False
Blastoise,0.22,True
Blaziken,1.2,True
Blipbug,0.0,False
Blissey,0.01,False
Blitzle,0.0,False
Boldore,0.0,False
Boltund,0.0,False
Bombirdier,0.01,False
Bonsly,0.0,False
Bouffalant,0.0,False
Bounsweet,0.0,False
Braixen,0.0,False
Brambleghast,0.14,True
Bramblin,0.0,False
Braviary,0.06,True
Braviary-Hisui,0.28,True
Breloom,0.2,True
Brionne,0.0,False
Bronzong,0.38,True
Bronzor,0.0,False
Brute Bonnet,0.0,False
Bruxish,0.06,True
Budew,0.0,False
Buizel,0.0,False
Bulbasaur,0.0,False
Buneary,0.0,False
Bunnelby,0.0,False
Burmy Plant Form,0.0,False
Burmy Sandy Form,0.0,False
Burmy Trash Form,0.0,False
Butterfree,0.0,False
Buzzwole,0.0,False
Cacnea,0.0,False
Cacturne,0.03,False
Calyrex,0.0,False
Calyrex Ice Rider,0.0,False
Calyrex Shadow Rider,0.0,False
Camerupt,0.01,False
Capsakid,0.0,False
Carbink,0.03,False
Carkol,0.0,False
Carnivine,0.0,False
Carracosta,0.0,False
Carvanha,0.0,False
Cascoon,0.0,False
Castform,0.0,False
Castform Rainy Form,0.0,False
Castform Snowy Form,0.0,False
Castform Sunny Form,0.0,False
Caterpie,0.0,False
Celebi,0.0,False
Celesteela,0.0,False
Centiskorch,0.0,False
Ceruledge,0.57,True
Cetitan,0.03,False
Cetoddle,0.0,False
Chandelure,0.58,True
Chansey,0.0,False
Charcadet,0.0,False
Charizard,1.74,True
Charjabug,0.01,False
Charmander,0.0,False
Charmeleon,0.0,False
Chatot,0.0,False
Cherrim,0.0,False
Cherrim Sunshine Form,0.0,False
Cherubi,0.0,False
Chesnaught,0.1,True
Chespin,0.0,False
Chewtle,0.0,False
Chi-Yu,0.0,False
Chien-Pao,0.0,False
Chikorita,0.0,False
Chimchar,0.0,False
Chimecho,0.0,False
Chinchou,0.0,False
Chingling,0.0,False
Cinccino,0.29,True
Cinderace,0.05,True
Clamperl,0.0,False
Clauncher,0.0,False
Clawitzer,0.02,False
Claydol,0.0,False
Clefable,0.91,True
Clefairy,0.42,True
Cleffa,0.0,False
Clobbopus,0.0,False
Clodsire,0.05,True
Cloyster,0.01,False
Coalossal,0.06,True
Cobalion,0.0,False
Cofagrigus,0.0,False
Combee,0.0,False
Combusken,0.0,False
Comfey,0.46,True
Confined Hoopa,0.0,False
Conkeldurr,0.07,True
Copperajah,0.02,False
Corphish,0.0,False
Corsola,0.0,False
Corviknight,3.21,True
Corvisquire,0.0,False
Cosmoem,0.0,False
Cosmog,0.0,False
Cottonee,0.0,False
Crabominable,0.01,False
Crabrawler,0.0,False
Cradily,0.0,False
Cramorant,0.01,False
Cranidos,0.0,False
Crawdaunt,0.02,False
Cresselia,0.0,False
Croagunk,0.0,False
Crobat,0.0,False
Crocalor,0.0,False
Croconaw,0.0,False
Crustle,0.0,False
Cryogonal,0.03,False
Cubchoo,0.0,False
Cubone,0.0,False
Cufant,0.0,False
Cursola,0.0,False
Cutiefly,0.0,False
Cyclizar,0.05,True
Cyndaquil,0.0,False
Dachsbun,0.1,True
Darkrai,0.0,False
Darmanitan,0.0,False
Darmanitan Zen-Mode,0.0,False
Dartrix,0.0,False
Darumaka,0.0,False
Dawn Wings Necrozma,0.0,False
Decidueye,0.02,False
Decidueye-Hisui,0.49,True
Dedenne,0.0,False
Deerling,0.0,False
Deerling Autumn Form,0.0,False
Deerling Spring Form,0.0,False
Deerling Summer Form,0.0,False
Deerling Winter Form,0.0,False
Deino,0.0,False
Delcatty,0.0,False
Delibird,0.0,False
Delphox,1.41,True
Deoxys,0.0,False
Deoxys Attack Form,0.0,False
Deoxys Defense Form,0.0,False
Deoxys Speed Form,0.0,False
Dewgong,0.01,False
Dewott,0.0,False
Dewpider,0.0,False
Dhelmise,0.0,False
Dialga,0.0,False
Dialga Origin Form,0.0,False
Diancie,0.0,False
Diggersby,0.0,False
Diglett,0.0,False
Dipplin,0.02,False
Ditto,0.03,False
Dodrio,0.01,False
Doduo,0.0,False
Dolliv,0.0,False
Dondozo,12.04,True
Donphan,0.0,False
Dottler,0.0,False
Doublade,0.0,False
Dracovish,0.0,False
Dracozolt,0.0,False
Dragalge,0.02,False
Dragapult,5.27,True
Dragonair,0.0,False
Dragonite,35.55,True
Drakloak,0.0,False
Drampa,0.0,False
Drapion,0.0,False
Dratini,0.0,False
Drednaw,0.01,False
Dreepy,0.0,False
Drifblim,0.3,True
Drifloon,0.0,False
Drilbur,0.0,False
Drizzile,0.0,False
Drowzee,0.0,False
Druddigon,0.0,False
Dubwool,0.0,False
Ducklett,0.0,False
Dudunsparce,0.1,True
Dudunsparce Three-Segment Form,0.0,False
Dudunsparce Two-Segment Form,0.0,False
Dugtrio,0.03,False
Dugtrio-Alola,0.0,False
Dunsparce,0.0,False
Duosion,0.0,False
Duraludon,0.02,False
Durant,0.0,False
Dusclops,0.22,True
Dusk Mane Necrozma,0.0,False
Dusknoir,0.01,False
Duskull,0.01,False
Dustox,0.0,False
Dwebble,0.0,False
Eelektrik,0.0,False
Eelektross,0.01,False
Eevee,0.0,False
Eiscue,0.03,False
Eiscue Ice Face,0.0,False
Eiscue Noice Face,0.0,False
Ekans,0.0,False
Eldegoss,0.0,False
Electabuzz,5.41,True
Electivire,0.03,False
Electrike,0.0,False
Electrode,0.0,False
Electrode-Hisui,0.46,True
Elekid,0.0,False
Elgyem,0.0,False
Emboar,0.03,False
Emolga,0.0,False
Empoleon,0.27,True
Enamorus Incarnate Style,0.0,False
Enamorus Therian Style,0.0,False
Entei,0.0,False
Escavalier,0.0,False
Espathra,0.89,True
Espeon,0.16,True
Espurr,0.0,False
Eternamax Eternatus,0.0,False
Eternatus,0.0,False
Excadrill,2.84,True
Exeggcute,0.0,False
Exeggutor,0.33,True
Exeggutor-Alola,0.06,True
Exploud,0.0,False
Falinks,0.02,False
Fan Rotom,0.0,False
Farfetch'd,0.0,False
Farigiraf,3.44,True
Fearow,0.0,False
Feebas,0.0,False
Fennekin,0.0,False
Feraligatr,0.05,True
Ferroseed,0.0,False
Ferrothorn,0.0,False
Fidough,0.0,False
Finizen,0.0,False
Finneon,0.0,False
Flaaffy,0.0,False
Flabebe,0.0,False
Flamigo,1.33,True
Flapple,0.01,False
Flareon,0.05,True
Fletchinder,0.0,False
Fletchling,0.0,False
Flittle,0.0,False
Floatzel,0.01,False
Floette,0.0,False
Floragato,0.0,False
Florges,0.01,False
Flutter Mane,0.0,False
Flygon,0.01,False
Fomantis,0.0,False
Foongus,0.01,False
Forretress,0.0,False
Fraxure,0.0,False
Frigibax,0.0,False
Frillish,0.0,False
Froakie,0.0,False
Frogadier,0.0,False
Froslass,0.02,False
Frosmoth,0.11,True
Frost Rotom,0.0,False
Fuecoco,0.0,False
Furfrou,0.0,False
Furret,0.01,False
Gabite,0.0,False
Galarian Articuno,0.0,False
Galarian Corsola,0.0,False
Galarian Darmanitan,0.0,False
Galarian Darmanitan Zen-Mode,0.0,False
Galarian Darumaka,0.0,False
Galarian Farfetch'd,0.0,False
Galarian Linoone,0.0,False
Galarian Meowth,0.0,False
Galarian Moltres,0.0,False
Galarian Mr. Mime,0.0,False
Galarian Ponyta,0.0,False
Galarian Rapidash,0.0,False
Galarian Slowbro,0.0,False
Galarian Slowking,0.0,False
Galarian Slowpoke,0.0,False
Galarian Stunfisk,0.0,False
Galarian Weezing,0.0,False
Galarian Yamask,0.0,False
Galarian Zapdos,0.0,False
Galarian Zigzagoon,0.0,False
Gallade,2.57,True
Galvantula,0.01,False
Garbodor,0.0,False
Garchomp,8.6,True
Gardevoir,0.29,True
Garganacl,1.85,True
Gastly,0.0,False
Gastrodon,0.75,True
Gastrodon East-Sea Form,0.0,False
Gastrodon West-Sea Form,0.0,False
Genesect,0.0,False
Gengar,0.4,True
Geodude,0.0,False
Geodude-Alola,0.0,False
Gholdengo,43.84,True
Gible,0.0,False
Gigalith,0.0,False
Gimmighoul Chest Form,0.0,False
Gimmighoul Roaming Form,0.0,False
Girafarig,0.0,False
Giratina,0.0,False
Giratina Origin Form,0.0,False
Glaceon,0.22,True
Glalie,0.03,False
Glameow,0.0,False
Glastrier,0.0,False
Gligar,0.01,False
Glimmet,0.0,False
Glimmora,2.94,True
Gliscor,0.3,True
Gloom,0.0,False
Gogoat,0.0,False
Golbat,0.0,False
Goldeen,0.0,False
Golduck,0.08,True
Golem,0.0,False
Golem-Alola,0.07,True
Golett,0.0,False
Golisopod,0.0,False
Golurk,0.02,False
Goodra,0.03,False
Goodra-Hisui,0.15,True
Goomy,0.0,False
Gorebyss,0.0,False
Gossifleur,0.0,False
Gothita,0.0,False
Gothitelle,1.15,True
Gothorita,0.01,False
Gourgeist Average,0.0,False
Gourgeist Large,0.0,False
Gourgeist Small,0.0,False
Gourgeist Super,0.0,False
Grafaiai,0.03,False
Granbull,0.0,False
Grapploct,0.0,False
Graveler,0.0,False
Graveler-Alola,0.0,False
Great Tusk,0.0,False
Greavard,0.0,False
Greedent,0.0,False
Greninja,0.3,True
Grimer,0.0,False
Grimer-Alola,0.0,False
Grimmsnarl,4.49,True
Grookey,0.0,False
Grotle,0.0,False
Groudon,0.0,False
Grovyle,0.0,False
Growlithe,0.0,False
Growlithe-Hisui,0.0,False
Grubbin,0.0,False
Grumpig,0.01,False
Gulpin,0.0,False
Gumshoos,0.0,False
Gurdurr,0.0,False
Guzzlord,0.0,False
Gyarados,0.63,True
Hakamo-o,0.0,False
Happiny,0.0,False
Hariyama,0.51,True
Hatenna,0.0,False
Hatterene,1.73,True
Hattrem,0.0,False
Haunter,0.01,False
Hawlucha,0.07,True
Haxorus,0.05,True
Heat Rotom,0.0,False
Heatmor,0.0,False
Heatran,0.0,False
Heliolisk,0.0,False
Helioptile,0.0,False
Heracross,0.02,False
Herdier,0.0,False
Hippopotas,0.0,False
Hippowdon,0.05,True
Hisuian Arcanine,0.0,False
Hisuian Avalugg,0.0,False
Hisuian Basculin,0.0,False
Hisuian Braviary,0.0,False
Hisuian Decidueye,0.0,False
Hisuian Electrode,0.0,False
Hisuian Goodra,0.0,False
Hisuian Growlithe,0.0,False
Hisuian Lilligant,0.0,False
Hisuian Qwilfish,0.0,False
Hisuian Samurott,0.0,False
Hisuian Sliggoo,0.0,False
Hisuian Sneasel,0.0,False
Hisuian Typhlosion,0.0,False
Hisuian Voltorb,0.0,False
Hisuian Zoroark,0.0,False
Hisuian Zorua,0.0,False
Hitmonchan,0.0,False
Hitmonlee,0.02,False
Hitmontop,0.08,True
Ho-Oh,0.0,False
Honchkrow,0.01,False
Honedge,0.0,False
Hoothoot,0.0,False
Hoppip,0.0,False
Horsea,0.0,False
Houndoom,0.04,False
Houndour,0.0,False
Houndstone,0.09,True
Huntail,0.0,False
Hydrapple,0.1,True
Hydreigon,2.84,True
Hypno,0.0,False
Igglybuff,0.0,False
Illumise,0.1,True
Impidimp,0.0,False
Incineroar,30.84,True
Indeedee,10.5,True
Indeedee Female,0.0,False
Indeedee Male,0.0,False
Indeedee-F,6.63,True
Infernape,0.03,False
Inkay,0.0,False
Inteleon,0.06,True
Iron Bundle,0.0,False
Iron Hands,0.0,False
Iron Jugulis,0.0,False
Iron Leaves,0.0,False
Iron Moth,0.0,False
Iron Thorns,0.0,False
Iron Treads,0.0,False
Iron Valiant,0.0,False
Ivysaur,0.0,False
Jangmo-o,0.0,False
Jellicent,0.0,False
Jigglypuff,0.0,False
Jirachi,0.0,False
Jolteon,0.12,True
Joltik,0.0,False
Jumpluff,1.61,True
Jynx,0.0,False
Kabuto,0.0,False
Kabutops,0.0,False
Kadabra,0.0,False
Kakuna,0.0,False
Kangaskhan,0.0,False
Karrablast,0.0,False
Kartana,0.0,False
Kecleon,0.0,False
Keldeo Ordinary Form,0.0,False
Keldeo Resolute Form,0.0,False
Kilowattrel,3.27,True
Kingambit,10.6,True
Kingdra,0.74,True
Kingler,0.0,False
Kirlia,0.0,False
Klang,0.0,False
Klawf,0.0,False
Kleavor,0.28,True
Klefki,0.49,True
Klink,0.0,False
Klinklang,0.0,False
Koffing,0.0,False
Komala,0.0,False
Kommo-o,3.85,True
Koraidon,0.0,False
Krabby,0.0,False
Kricketot,0.0,False
Kricketune,0.0,False
Krokorok,0.0,False
Krookodile,0.17,True
Kubfu,0.0,False
Kyogre,0.0,False
Kyurem,0.0,False
Lairon,0.0,False
Lampent,0.0,False
Landorus Incarnate Form,0.0,False
Landorus Therian Form,0.0,False
Lanturn,0.02,False
Lapras,0.05,True
Larvesta,0.0,False
Larvitar,0.0,False
Latias,0.0,False
Latios,0.0,False
Leafeon,0.01,False
Leavanny,0.0,False
Lechonk,0.0,False
Ledian,0.0,False
Ledyba,0.0,False
Lickilicky,0.0,False
Lickitung,0.0,False
Liepard,0.0,False
Lileep,0.0,False
Lilligant,0.03,False
Lilligant-Hisui,1.21,True
Lillipup,0.0,False
Linoone,0.0,False
Litleo,0.0,False
Litten,0.0,False
Litwick,0.0,False
Lokix,0.02,False
Lombre,0.0,False
Lopunny,0.0,False
Lotad,0.0,False
Loudred,0.0,False
Lucario,0.89,True
Ludicolo,0.22,True
Lugia,0.0,False
Lumineon,0.01,False
Lunala,0.0,False
Lunatone,0.0,False
Lurantis,0.02,False
Luvdisc,0.02,False
Luxio,0.0,False
Luxray,0.01,False
Lycanroc,0.67,True
Lycanroc Dusk Form,0.0,False
Lycanroc Midday Form,0.0,False
Lycanroc Midnight Form,0.0,False
Lycanroc-Dusk,0.0,False
Lycanroc-Midnight,0.0,False
Mabosstiff,0.0,False
Machamp,0.0,False
Machoke,0.0,False
Machop,0.0,False
Magby,0.0,False
Magcargo,0.0,False
Magearna,0.0,False
Magikarp,0.0,False
Magmar,2.53,True
Magmortar,0.09,True
Magnemite,0.0,False
Magneton,0.01,False
Magnezone,0.02,False
Makuhita,0.0,False
Malamar,0.32,True
Mamoswine,1.74,True
Manaphy,0.0,False
Mandibuzz,0.1,True
Manectric,0.0,False
Mankey,0.0,False
Mantine,0.0,False
Mantyke,0.0,False
Maractus,0.0,False
Mareanie,0.0,False
Mareep,0.0,False
Marill,0.0,False
Marowak,0.0,False
Marshadow,0.0,False
Marshtomp,0.0,False
Maschiff,0.0,False
Masquerain,0.01,False
Maushold,12.1,True
Maushold Family of Four,0.0,False
Maushold Family of Three,0.0,False
Mawile,0.0,False
Medicham,0.01,False
Meditite,0.0,False
Mega Abomasnow,0.0,False
Mega Absol,0.0,False
Mega Aerodactyl,0.0,False
Mega Aggron,0.0,False
Mega Alakazam,0.0,False
Mega Altaria,0.0,False
Mega Ampharos,0.0,False
Mega Audino,0.0,False
Mega Banette,0.0,False
Mega Beedrill,0.0,False
Mega Blastoise,0.0,False
Mega Blaziken,0.0,False
Mega Camerupt,0.0,False
Mega Charizard X,0.0,False
Mega Charizard Y,0.0,False
Mega Diancie,0.0,False
Mega Gallade,0.0,False
Mega Garchomp,0.0,False
Mega Gardevoir,0.0,False
Mega Gengar,0.0,False
Mega Glalie,0.0,False
Mega Gyarados,0.0,False
Mega Heracross,0.0,False
Mega Houndoom,0.0,False
Mega Kangaskhan,0.0,False
Mega Latias,0.0,False
Mega Latios,0.0,False
Mega Lopunny,0.0,False
Mega Lucario,0.0,False
Mega Manectric,0.0,False
Mega Mawile,0.0,False
Mega Medicham,0.0,False
Mega Metagross,0.0,False
Mega Mewtwo X,0.0,False
Mega Mewtwo Y,0.0,False
Mega Pidgeot,0.0,False
Mega Pinsir,0.0,False
Mega Rayquaza,0.0,False
Mega Sableye,0.0,False
Mega Salamence,0.0,False
Mega Sceptile,0.0,False
Mega Scizor,0.0,False
Mega Sharpedo,0.0,False
Mega Slowbro,0.0,False
Mega Steelix,0.0,False
Mega Swampert,0.0,False
Mega Tyranitar,0.0,False
Mega Venusaur,0.0,False
Meganium,0.01,False
Melmetal,0.0,False
Meloetta Aria Form,0.0,False
Meloetta Pirouette Form,0.0,False
Meltan,0.0,False
Meowscarada,0.94,True
Meowstic,0.04,False
Meowstic Female,0.0,False
Meowstic Male,0.0,False
Meowth,0.0,False
Meowth-Alola,0.0,False
Meowth-Galar,0.0,False
Mesprit,0.0,False
Metagross,0.43,True
Metang,0.0,False
Metapod,0.0,False
Mew,0.0,False
Mewtwo,0.0,False
Mienfoo,0.0,False
Mienshao,0.24,True
Mightyena,0.0,False
Milcery,0.0,False
Milotic,0.98,True
Miltank,0.0,False
Mime Jr.,0.0,False
Mimikyu,0.72,True
Minccino,0.0,False
Minior,0.01,False
Minior Blue Core,0.0,False
Minior Green Core,0.0,False
Minior Indigo Core,0.0,False
Minior Meteor Form,0.0,False
Minior Orange Core,0.0,False
Minior Purple Core,0.0,False
Minior Red Core,0.0,False
Minior Yellow Core,0.0,False
Minun,0.0,False
Miraidon,0.0,False
Misdreavus,0.01,False
Mismagius,0.01,False
Moltres,0.0,False
Monferno,0.0,False
Morelull,0.0,False
Morgrem,0.02,False
Morpeko,0.0,False
Morpeko Full Berry Mode,0.0,False
Morpeko Hangry Mode,0.0,False
Mothim,0.0,False
Mow Rotom,0.0,False
Mr. Mime,0.0,False
Mr. Rime,0.0,False
Mudbray,0.0,False
Mudkip,0.0,False
Mudsdale,0.05,True
Muk,0.0,False
Muk-Alola,0.08,True
Munchlax,0.0,False
Munna,0.0,False
Murkrow,3.72,True
Musharna,0.0,False
Nacli,0.0,False
Naclstack,0.0,False
Naganadel,0.0,False
Natu,0.0,False
Necrozma,0.0,False
Nickit,0.0,False
Nidoking,0.0,False
Nidoqueen,0.0,False
Nidoran F,0.0,False
Nidoran M,0.0,False
Nidorina,0.0,False
Nidorino,0.0,False
Nihilego,0.0,False
Nincada,0.0,False
Ninetales,0.4,True
Ninetales-Alola,14.93,True
Ninjask,0.0,False
Noctowl,0.0,False
Noibat,0.0,False
Noivern,0.11,True
Nosepass,0.0,False
Numel,0.0,False
Nuzleaf,0.0,False
Nymble,0.0,False
Obstagoon,0.0,False
Octillery,0.0,False
Oddish,0.0,False
Oinkologne,0.0,False
Oinkologne-F,0.0,False
Omanyte,0.0,False
Omastar,0.0,False
Onix,0.0,False
Oranguru,0.39,True
Orbeetle,0.0,False
Oricorio,0.0,False
Oricorio Baile Style,0.0,False
Oricorio Pa'u Style,0.0,False
Oricorio Pom-Pom Style,0.0,False
Oricorio Sensu Style,0.0,False
Oricorio-Pa'u,0.0,False
Oricorio-Pom-Pom,0.12,True
Oricorio-Sensu,0.31,True
Orthworm,0.19,True
Oshawott,0.01,False
Overqwil,0.11,True
Pachirisu,0.03,False
Palafin,0.94,True
Palafin Hero Form,0.0,False
Palafin Zero Form,0.0,False
Paldean Tauros Aqua Breed,0.0,False
Paldean Tauros Blaze Breed,0.0,False
Paldean Tauros Combat Breed,0.0,False
Paldean Wooper,0.0,False
Palkia,0.0,False
Palkia Origin Form,0.0,False
Palossand,0.05,True
Palpitoad,0.0,False
Pancham,0.0,False
Pangoro,0.0,False
Panpour,0.0,False
Pansage,0.0,False
Pansear,0.0,False
Paras,0.0,False
Parasect,0.0,False
Passimian,0.0,False
Patrat,0.0,False
Pawmi,0.0,False
Pawmo,0.0,False
Pawmot,0.38,True
Pawniard,0.0,False
Pelipper,20.76,True
Perrserker,0.14,True
Persian,0.0,False
Persian-Alola,0.09,True
Petilil,0.0,False
Phanpy,0.0,False
Phantump,0.01,False
Pheromosa,0.0,False
Phione,0.0,False
Pichu,0.0,False
Pidgeot,0.0,False
Pidgeotto,0.0,False
Pidgey,0.0,False
Pidove,0.0,False
Pignite,0.0,False
Pikachu,0.04,False
Pikipek,0.0,False
Piloswine,0.0,False
Pincurchin,0.03,False
Pineco,0.0,False
Pinsir,0.0,False
Piplup,0.0,False
Plusle,0.0,False
Poipole,0.0,False
Politoed,2.45,True
Poliwag,0.0,False
Poliwhirl,0.0,False
Poliwrath,0.07,True
Poltchageist,0.0,False
Polteageist,0.01,False
Ponyta,0.0,False
Poochyena,0.0,False
Popplio,0.0,False
Porygon,0.0,False
Porygon-Z,0.07,True
Porygon2,7.09,True
Primal Groudon,0.0,False
Primal Kyogre,0.0,False
Primarina,6.21,True
Primeape,0.03,False
Prinplup,0.01,False
Probopass,0.0,False
Psyduck,0.0,False
Pumpkaboo Average,0.0,False
Pumpkaboo Large,0.0,False
Pumpkaboo Small,0.0,False
Pumpkaboo Super,0.0,False
Pupitar,0.0,False
Purrloin,0.0,False
Purugly,0.0,False
Pyroar,0.0,False
Pyukumuku,0.0,False
Quagsire,0.0,False
Quaquaval,0.19,True
Quaxly,0.01,False
Quaxwell,0.0,False
Quilava,0.0,False
Quilladin,0.0,False
Qwilfish,0.0,False
Qwilfish-Hisui,0.01,False
Raboot,0.0,False
Rabsca,0.12,True
Raichu,0.15,True
Raichu-Alola,0.01,False
Raikou,0.0,False
Ralts,0.0,False
Rampardos,0.03,False
Rapidash,0.0,False
Raticate,0.0,False
Rattata,0.0,False
Rayquaza,0.0,False
Regice,0.0,False
Regidrago,0.0,False
Regieleki,0.0,False
Regigigas,0.0,False
Regirock,0.0,False
Registeel,0.0,False
Relicanth,0.0,False
Rellor,0.0,False
Remoraid,0.0,False
Reshiram,0.0,False
Reuniclus,0.21,True
Revavroom,0.02,False
Rhydon,0.01,False
Rhyhorn,0.0,False
Rhyperior,0.04,False
Ribombee,1.02,True
Rillaboom,29.47,True
Riolu,0.01,False
Roaring Moon,0.0,False
Rockruff,0.0,False
Rockruff-Dusk,0.0,False
Roggenrola,0.0,False
Rolycoly,0.0,False
Rookidee,0.0,False
Roselia,0.0,False
Roserade,0.0,False
Rotom,0.0,False
Rotom-Fan,0.0,False
Rotom-Frost,0.05,True
Rotom-Heat,0.18,True
Rotom-Mow,0.02,False
Rotom-Wash,0.14,True
Rowlet,0.0,False
Rufflet,0.0,False
Runerigus,0.0,False
Sableye,1.19,True
Salamence,1.07,True
Salandit,0.0,False
Salazzle,0.01,False
Samurott,0.0,False
Samurott-Hisui,0.39,True
Sandaconda,0.0,False
Sandile,0.0,False
Sandshrew,0.0,False
Sandshrew-Alola,0.0,False
Sandslash,0.0,False
Sandslash-Alola,0.01,False
Sandy Shocks,0.0,False
Sandygast,0.0,False
Sawk,0.0,False
Sawsbuck,0.0,False
Scatterbug,0.0,False
Sceptile,0.06,True
Scizor,0.17,True
Scolipede,0.0,False
Scorbunny,0.0,False
Scovillain,0.02,False
Scrafty,0.3,True
Scraggy,0.0,False
Scream Tail,0.0,False
Scyther,1.07,True
Seadra,0.0,False
Seaking,0.0,False
Sealeo,0.0,False
Seedot,0.0,False
Seel,0.0,False
Seismitoad,0.0,False
Sentret,0.0,False
Serperior,0.15,True
Servine,0.0,False
Seviper,0.0,False
Sewaddle,0.0,False
Sharpedo,0.0,False
Shaymin Land Form,0.0,False
Shaymin Sky Form,0.0,False
Shedinja,0.0,False
Shelgon,0.0,False
Shellder,0.0,False
Shellos,0.0,False
Shellos East-Sea Form,0.0,False
Shellos West-Sea Form,0.0,False
Shelmet,0.0,False
Shieldon,0.0,False
Shiftry,0.1,True
Shiinotic,0.0,False
Shinx,0.0,False
Shroodle,0.0,False
Shroomish,0.0,False
Shuckle,0.0,False
Shuppet,0.0,False
Sigilyph,0.0,False
Silcoon,0.0,False
Silicobra,0.0,False
Silvally,0.0,False
Simipour,0.0,False
Simisage,0.0,False
Simisear,0.0,False
Sinistcha,7.61,True
Sinistea,0.0,False
Sirfetch'd,0.0,False
Sizzlipede,0.0,False
Skarmory,0.04,False
Skeledirge,0.19,True
Skiddo,0.0,False
Skiploom,0.0,False
Skitty,0.0,False
Skorupi,0.0,False
Skrelp,0.0,False
Skuntank,0.0,False
Skwovet,0.0,False
Slaking,2.27,True
Slakoth,0.0,False
Sliggoo,0.0,False
Sliggoo-Hisui,0.0,False
Slither Wing,0.0,False
Slowbro,0.04,False
Slowbro-Galar,0.01,False
Slowking,0.04,False
Slowking-Galar,0.03,False
Slowpoke,0.02,False
Slowpoke-Galar,0.0,False
Slugma,0.0,False
Slurpuff,0.0,False
Smeargle,0.86,True
Smoliv,0.0,False
Smoochum,0.0,False
Sneasel,0.0,False
Sneasel-Hisui,0.01,False
Sneasler,27.47,True
Snivy,0.0,False
Snom,0.0,False
Snorlax,0.13,True
Snorunt,0.0,False
Snover,0.0,False
Snubbull,0.0,False
Sobble,0.0,False
Solgaleo,0.0,False
Solosis,0.0,False
Solrock,0.0,False
Spearow,0.0,False
Spectrier,0.0,False
Spewpa,0.0,False
Spheal,0.0,False
Spidops,0.02,False
Spinarak,0.0,False
Spinda,0.0,False
Spiritomb,0.12,True
Spoink,0.0,False
Sprigatito,0.0,False
Spritzee,0.0,False
Squawkabilly,0.02,False
Squawkabilly Blue Plumage,0.0,False
Squawkabilly Green Plumage,0.0,False
Squawkabilly White Plumage,0.0,False
Squawkabilly Yellow Plumage,0.0,False
Squirtle,0.0,False
Stakataka,0.0,False
Stantler,0.02,False
Staraptor,0.05,True
Staravia,0.0,False
Starly,0.0,False
Starmie,0.0,False
Staryu,0.0,False
Steelix,0.0,False
Steenee,0.0,False
Stonjourner,0.18,True
Stoutland,0.0,False
Stufful,0.0,False
Stunfisk,0.0,False
Stunky,0.0,False
Sudowoodo,0.0,False
Suicune,0.0,False
Sunflora,0.02,False
Sunkern,0.0,False
Surskit,0.0,False
Swablu,0.0,False
Swadloon,0.01,False
Swalot,0.0,False
Swampert,0.02,False
Swanna,0.0,False
Swellow,0.0,False
Swinub,0.0,False
Swirlix,0.0,False
Swoobat,0.0,False
Sylveon,0.88,True
Tadbulb,0.0,False
Taillow,0.0,False
Talonflame,6.61,True
Tandemaus,0.0,False
Tangela,0.0,False
Tangrowth,0.0,False
Tapu Bulu,0.0,False
Tapu Fini,0.0,False
Tapu Koko,0.0,False
Tapu Lele,0.0,False
Tarountula,0.0,False
Tatsugiri,9.87,True
Tatsugiri Curly Form,0.0,False
Tatsugiri Droopy Form,0.0,False
Tatsugiri Stretchy Form,0.0,False
Tauros,0.01,False
Tauros-Paldea-Aqua,0.98,True
Tauros-Paldea-Blaze,0.4,True
Tauros-Paldea-Combat,0.0,False
Teddiursa,0.0,False
Tentacool,0.0,False
Tentacruel,0.01,False
Tepig,0.0,False
Terrakion,0.0,False
Thievul,0.0,False
Throh,0.0,False
Thundurus Incarnate Form,0.0,False
Thundurus Therian Form,0.0,False
Thwackey,0.0,False
Timburr,0.0,False
Ting-Lu,0.0,False
Tinkatink,0.0,False
Tinkaton,0.08,True
Tinkatuff,0.0,False
Tirtouga,0.0,False
Toedscool,0.0,False
Toedscruel,0.65,True
Togedemaru,0.0,False
Togekiss,0.0,False
Togepi,0.0,False
Togetic,0.0,False
Torchic,0.0,False
Torkoal,5.17,True
Tornadus Incarnate Form,0.0,False
Tornadus Therian Form,0.0,False
Torracat,0.01,False
Torterra,0.09,True
Totodile,0.0,False
Toucannon,0.01,False
Toxapex,0.04,False
Toxel,0.0,False
Toxicroak,0.04,False
Toxtricity,0.23,True
Toxtricity Amped Form,0.0,False
Toxtricity Low-Key Form,0.0,False
Tranquill,0.0,False
Trapinch,0.01,False
Treecko,0.0,False
Trevenant,0.02,False
Tropius,0.01,False
Trubbish,0.0,False
Trumbeak,0.0,False
Tsareena,0.18,True
Turtonator,0.0,False
Turtwig,0.0,False
Tympole,0.0,False
Tynamo,0.0,False
Type: Null,0.0,False
Typhlosion,0.07,True
Typhlosion-Hisui,2.99,True
Tyranitar,9.6,True
Tyrantrum,0.0,False
Tyrogue,0.0,False
Tyrunt,0.0,False
Ultra Necrozma,0.0,False
Umbreon,3.14,True
Unbound Hoopa,0.0,False
Unfezant,0.0,False
Unown,0.0,False
Ursaluna,9.49,True
Ursaluna-Bloodmoon,34.91,True
Ursaring,0.01,False
Urshifu Rapid Strike Style,0.0,False
Urshifu Single Strike Style,0.0,False
Uxie,0.0,False
Vanillish,0.0,False
Vanillite,0.0,False
Vanilluxe,0.0,False
Vaporeon,0.07,True
Varoom,0.0,False
Veluza,0.0,False
Venipede,0.0,False
Venomoth,0.0,False
Venonat,0.02,False
Venusaur,0.16,True
Vespiquen,0.0,False
Vibrava,0.0,False
Victini,0.0,False
Victreebel,0.02,False
Vigoroth,0.0,False
Vikavolt,0.1,True
Vileplume,0.01,False
Virizion,0.0,False
Vivillon,0.42,True
Volbeat,0.07,True
Volcanion,0.0,False
Volcarona,11.19,True
Voltorb,0.0,False
Voltorb-Hisui,0.0,False
Vullaby,0.0,False
Vulpix,0.0,False
Vulpix-Alola,0.0,False
Wailmer,0.0,False
Wailord,0.0,False
Walking Wake,0.0,False
Walrein,0.0,False
Wartortle,0.0,False
Wash Rotom,0.0,False
Watchog,0.0,False
Wattrel,0.0,False
Weavile,1.76,True
Weedle,0.0,False
Weepinbell,0.0,False
Weezing,2.53,True
Weezing-Galar,1.28,True
Whimsicott,11.66,True
Whirlipede,0.0,False
Whiscash,0.0,False
Whismur,0.0,False
White Kyurem,0.0,False
Wigglytuff,0.01,False
Wiglett,0.0,False
Wimpod,0.0,False
Wingull,0.0,False
Wishiwashi School Form,0.0,False
Wishiwashi Solo Form,0.0,False
Wo-Chien,0.0,False
Wobbuffet,0.0,False
Woobat,0.0,False
Wooloo,0.0,False
Wooper,0.0,False
Wooper-Paldea,0.0,False
Wormadam Plant Form,0.0,False
Wormadam Sandy Form,0.0,False
Wormadam Trash Form,0.0,False
Wugtrio,0.01,False
Wurmple,0.0,False
Wynaut,0.0,False
Wyrdeer,0.02,False
Xatu,0.0,False
Xerneas,0.0,False
Xurkitree,0.0,False
Yamask,0.0,False
Yamper,0.0,False
Yanma,0.01,False
Yanmega,0.53,True
Yungoos,0.0,False
Yveltal,0.0,False
Zacian Crowned Sword,0.0,False
Zacian Hero of Many Battles,0.0,False
Zamazenta Crowned Shield,0.0,False
Zamazenta Hero of Many Battles,0.0,False
Zangoose,0.0,False
Zapdos,0.0,False
Zarude,0.0,False
Zebstrika,0.0,False
Zekrom,0.0,False
Zeraora,0.0,False
Zigzagoon,0.0,False
Zoroark,0.0,False
Zoroark-Hisui,1.51,True
Zorua,0.0,False
Zorua-Hisui,0.0,False
Zubat,0.0,False
Zweilous,0.0,False
Zygarde 10% Form,0.0,False
Zygarde 50% Form,0.0,False
Zygarde Complete Form,0.0,False
